{"line_height":280.25,
"metrics":[
[4.8828125E-4,0.8631592,0.061035156,0.13684082],
[0.06982422,0.8631592,0.033691406,0.13684082],
[0.111816406,0.8631592,0.05102539,0.13684082],
[0.17114258,0.8631592,0.0814209,0.13684082],
[0.26086426,0.8631592,0.068847656,0.13684082],
[0.3380127,0.8631592,0.10473633,0.13684082],
[0.4510498,0.8631592,0.08129883,0.13684082],
[0.5406494,0.8631592,0.029418945,0.13684082],
[0.57836914,0.8631592,0.03955078,0.13684082],
[0.6262207,0.8631592,0.03955078,0.13684082],
[0.67407227,0.8631592,0.05859375,0.13684082],
[0.7409668,0.8631592,0.068847656,0.13684082],
[0.81811523,0.8631592,0.030029297,0.13684082],
[0.8564453,0.8631592,0.036499023,0.13684082],
[0.9012451,0.8631592,0.030029297,0.13684082],
[0.9395752,0.8631592,0.046875,0.13684082],
[4.8828125E-4,0.72631836,0.068847656,0.13684082],
[0.07763672,0.72631836,0.068847656,0.13684082],
[0.15478516,0.72631836,0.068847656,0.13684082],
[0.2319336,0.72631836,0.068847656,0.13684082],
[0.30908203,0.72631836,0.068847656,0.13684082],
[0.38623047,0.72631836,0.068847656,0.13684082],
[0.4633789,0.72631836,0.068847656,0.13684082],
[0.54052734,0.72631836,0.068847656,0.13684082],
[0.6176758,0.72631836,0.068847656,0.13684082],
[0.6948242,0.72631836,0.068847656,0.13684082],
[0.77197266,0.72631836,0.030029297,0.13684082],
[0.81030273,0.72631836,0.030029297,0.13684082],
[0.8486328,0.72631836,0.068847656,0.13684082],
[0.92578125,0.72631836,0.068847656,0.13684082],
[4.8828125E-4,0.58947754,0.068847656,0.13684082],
[0.07763672,0.58947754,0.049316406,0.13684082],
[0.1352539,0.58947754,0.1159668,0.13684082],
[0.25952148,0.58947754,0.08093262,0.13684082],
[0.34875488,0.58947754,0.07849121,0.13684082],
[0.43554688,0.58947754,0.075683594,0.13684082],
[0.51953125,0.58947754,0.08703613,0.13684082],
[0.61486816,0.58947754,0.06970215,0.13684082],
[0.6928711,0.58947754,0.06555176,0.13684082],
[0.76672363,0.58947754,0.08203125,0.13684082],
[0.85705566,0.58947754,0.08605957,0.13684082],
[0.951416,0.58947754,0.032836914,0.13684082],
[4.8828125E-4,0.45263672,0.061035156,0.13684082],
[0.06982422,0.45263672,0.07678223,0.13684082],
[0.15490723,0.45263672,0.06335449,0.13684082],
[0.2265625,0.45263672,0.10632324,0.13684082],
[0.34118652,0.45263672,0.08886719,0.13684082],
[0.4383545,0.45263672,0.0949707,0.13684082],
[0.541626,0.45263672,0.07421875,0.13684082],
[0.6241455,0.45263672,0.0949707,0.13684082],
[0.727417,0.45263672,0.07678223,0.13684082],
[0.8125,0.45263672,0.064941406,0.13684082],
[0.8857422,0.45263672,0.06896973,0.13684082],
[4.8828125E-4,0.3157959,0.083984375,0.13684082],
[0.09277344,0.3157959,0.080078125,0.13684082],
[0.18115234,0.3157959,0.11340332,0.13684082],
[0.30285645,0.3157959,0.07702637,0.13684082],
[0.3881836,0.3157959,0.07299805,0.13684082],
[0.46948242,0.3157959,0.06994629,0.13684082],
[0.5477295,0.3157959,0.040161133,0.13684082],
[0.5961914,0.3157959,0.046875,0.13684082],
[0.6513672,0.3157959,0.040161133,0.13684082],
[0.6998291,0.3157959,0.068847656,0.13684082],
[0.77697754,0.3157959,0.060058594,0.13684082],
[0.8453369,0.3157959,0.045898438,0.13684082],
[0.89953613,0.3157959,0.0637207,0.13684082],
[4.8828125E-4,0.17895508,0.071899414,0.13684082],
[0.08068848,0.17895508,0.056762695,0.13684082],
[0.14575195,0.17895508,0.071899414,0.13684082],
[0.22595215,0.17895508,0.068237305,0.13684082],
[0.30249023,0.17895508,0.04711914,0.13684082],
[0.35791016,0.17895508,0.07055664,0.13684082],
[0.43676758,0.17895508,0.06970215,0.13684082],
[0.5147705,0.17895508,0.030883789,0.13684082],
[0.5539551,0.17895508,0.030883789,0.13684082],
[0.59313965,0.17895508,0.0637207,0.13684082],
[0.66516113,0.17895508,0.033325195,0.13684082],
[0.7067871,0.17895508,0.10510254,0.13684082],
[0.8201904,0.17895508,0.07006836,0.13684082],
[0.8985596,0.17895508,0.072021484,0.13684082],
[4.8828125E-4,0.042114258,0.071899414,0.13684082],
[0.08068848,0.042114258,0.071899414,0.13684082],
[0.16088867,0.042114258,0.04711914,0.13684082],
[0.2163086,0.042114258,0.05444336,0.13684082],
[0.27905273,0.042114258,0.049072266,0.13684082],
[0.33642578,0.042114258,0.07006836,0.13684082],
[0.41479492,0.042114258,0.061279297,0.13684082],
[0.484375,0.042114258,0.09484863,0.13684082],
[0.5875244,0.042114258,0.06237793,0.13684082],
[0.6582031,0.042114258,0.060668945,0.13684082],
[0.72717285,0.042114258,0.057495117,0.13684082],
[0.79296875,0.042114258,0.040649414,0.13684082],
[0.84191895,0.042114258,0.034057617,0.13684082],
[0.88427734,0.042114258,0.040649414,0.13684082],
[4.8828125E-4,-0.09472656,0.068847656,0.13684082]
],
"characters":" !\"#$%&'()*+,-./0123456789:;<=>?@ABCDEFGHIJKLMNOPQRSTUVWXYZ[\\]^_`abcdefghijklmnopqrstuvwxyz{|}~",
"size":2048
}
